[

  {
    "model": "product.tag",
    "pk": 1,
    "fields": {
      "name": "smartphone",
      "color": "#fff",
      "bg_color": "#007bff"
    }
  },
  {
    "model": "product.tag",
    "pk": 2,
    "fields": {
      "name": "apple",
      "color": "#fff",
      "bg_color": "#333"
    }
  },
  {
    "model": "product.tag",
    "pk": 3,
    "fields": {
      "name": "premium",
      "color": "#fff",
      "bg_color": "#6f42c1"
    }
  },
  {
    "model": "product.tag",
    "pk": 4,
    "fields": {
      "name": "laptop",
      "color": "#fff",
      "bg_color": "#17a2b8"
    }
  },
  {
    "model": "product.tag",
    "pk": 5,
    "fields": {
      "name": "productivity",
      "color": "#fff",
      "bg_color": "#20c997"
    }
  },
  {
    "model": "product.tag",
    "pk": 6,
    "fields": {
      "name": "shoes",
      "color": "#fff",
      "bg_color": "#fd7e14"
    }
  },
  {
    "model": "product.tag",
    "pk": 7,
    "fields": {
      "name": "basketball",
      "color": "#fff",
      "bg_color": "#dc3545"
    }
  },
  {
    "model": "product.tag",
    "pk": 8,
    "fields": {
      "name": "sneakers",
      "color": "#fff",
      "bg_color": "#000"
    }
  },
  {
    "model": "product.tag",
    "pk": 9,
    "fields": {
      "name": "tv",
      "color": "#fff",
      "bg_color": "#343a40"
    }
  },
  {
    "model": "product.tag",
    "pk": 10,
    "fields": {
      "name": "4k",
      "color": "#fff",
      "bg_color": "#ffc107"
    }
  },
  {
    "model": "product.tag",
    "pk": 11,
    "fields": {
      "name": "smart",
      "color": "#fff",
      "bg_color": "#28a745"
    }
  },
  {
    "model": "product.tag",
    "pk": 12,
    "fields": {
      "name": "running",
      "color": "#fff",
      "bg_color": "#e83e8c"
    }
  },
  {
    "model": "product.tag",
    "pk": 13,
    "fields": {
      "name": "athletic",
      "color": "#fff",
      "bg_color": "#6c757d"
    }
  },
  {
    "model": "product.tag",
    "pk": 14,
    "fields": {
      "name": "headphones",
      "color": "#fff",
      "bg_color": "#007bff"
    }
  },
  {
    "model": "product.tag",
    "pk": 15,
    "fields": {
      "name": "wireless",
      "color": "#fff",
      "bg_color": "#20c997"
    }
  },
  {
    "model": "product.tag",
    "pk": 16,
    "fields": {
      "name": "noise-canceling",
      "color": "#fff",
      "bg_color": "#495057"
    }
  },
  {
    "model": "product.tag",
    "pk": 17,
    "fields": {
      "name": "jeans",
      "color": "#fff",
      "bg_color": "#6f42c1"
    }
  },
  {
    "model": "product.tag",
    "pk": 18,
    "fields": {
      "name": "denim",
      "color": "#fff",
      "bg_color": "#007bff"
    }
  },
  {
    "model": "product.tag",
    "pk": 19,
    "fields": {
      "name": "casual",
      "color": "#fff",
      "bg_color": "#adb5bd"
    }
  },
  {
    "model": "product.tag",
    "pk": 20,
    "fields": {
      "name": "gaming",
      "color": "#fff",
      "bg_color": "#6610f2"
    }
  },
  {
    "model": "product.tag",
    "pk": 21,
    "fields": {
      "name": "console",
      "color": "#fff",
      "bg_color": "#343a40"
    }
  },
  {
    "model": "product.tag",
    "pk": 22,
    "fields": {
      "name": "portable",
      "color": "#fff",
      "bg_color": "#17a2b8"
    }
  },
  {
    "model": "product.tag",
    "pk": 23,
    "fields": {
      "name": "ereader",
      "color": "#fff",
      "bg_color": "#20c997"
    }
  },
  {
    "model": "product.tag",
    "pk": 24,
    "fields": {
      "name": "books",
      "color": "#fff",
      "bg_color": "#ffc107"
    }
  },
  {
    "model": "product.tag",
    "pk": 25,
    "fields": {
      "name": "sony",
      "color": "#fff",
      "bg_color": "#23272b"
    }
  },
  {
    "model": "product.tag",
    "pk": 26,
    "fields": {
      "name": "smartwatch",
      "color": "#fff",
      "bg_color": "#007bff"
    }
  },
  {
    "model": "product.tag",
    "pk": 27,
    "fields": {
      "name": "fitness",
      "color": "#fff",
      "bg_color": "#28a745"
    }
  },
  {
    "model": "product.tag",
    "pk": 28,
    "fields": {
      "name": "soccer",
      "color": "#fff",
      "bg_color": "#fd7e14"
    }
  },
  {
    "model": "product.tag",
    "pk": 29,
    "fields": {
      "name": "sports",
      "color": "#fff",
      "bg_color": "#20c997"
    }
  },
  {
    "model": "product.tag",
    "pk": 30,
    "fields": {
      "name": "adidas",
      "color": "#fff",
      "bg_color": "#343a40"
    }
  },
  {
    "model": "product.tag",
    "pk": 31,
    "fields": {
      "name": "tshirt",
      "color": "#fff",
      "bg_color": "#6f42c1"
    }
  },
  {
    "model": "product.tag",
    "pk": 32,
    "fields": {
      "name": "nike",
      "color": "#fff",
      "bg_color": "#000"
    }
  },
  {
    "model": "product.tag",
    "pk": 33,
    "fields": {
      "name": "sportswear",
      "color": "#fff",
      "bg_color": "#28a745"
    }
  },
  {
    "model": "product.tag",
    "pk": 34,
    "fields": {
      "name": "earbuds",
      "color": "#fff",
      "bg_color": "#007bff"
    }
  },
  {
    "model": "product.tag",
    "pk": 35,
    "fields": {
      "name": "samsung",
      "color": "#fff",
      "bg_color": "#23272b"
    }
  },
  {
    "model": "product.tag",
    "pk": 36,
    "fields": {
      "name": "jacket",
      "color": "#fff",
      "bg_color": "#6c757d"
    }
  },
  {
    "model": "product.tag",
    "pk": 37,
    "fields": {
      "name": "levis",
      "color": "#fff",
      "bg_color": "#dc3545"
    }
  },
  {
    "model": "product.tag",
    "pk": 38,
    "fields": {
      "name": "oled",
      "color": "#fff",
      "bg_color": "#343a40"
    }
  },
  {
    "model": "product.tag",
    "pk": 39,
    "fields": {
      "name": "controller",
      "color": "#fff",
      "bg_color": "#6610f2"
    }
  },
  {
    "model": "product.tag",
    "pk": 40,
    "fields": {
      "name": "nintendo",
      "color": "#fff",
      "bg_color": "#e83e8c"
    }
  },
  {
    "model": "product.tag",
    "pk": 41,
    "fields": {
      "name": "yoga",
      "color": "#fff",
      "bg_color": "#20c997"
    }
  },
  {
    "model": "product.tag",
    "pk": 42,
    "fields": {
      "name": "mat",
      "color": "#fff",
      "bg_color": "#adb5bd"
    }
  },
  {
    "model": "product.tag",
    "pk": 43,
    "fields": {
      "name": "backpack",
      "color": "#fff",
      "bg_color": "#007bff"
    }
  },
  {
    "model": "product.tag",
    "pk": 44,
    "fields": {
      "name": "self-help",
      "color": "#fff",
      "bg_color": "#28a745"
    }
  },
  {
    "model": "product.tag",
    "pk": 45,
    "fields": {
      "name": "habits",
      "color": "#fff",
      "bg_color": "#ffc107"
    }
  },
  {
    "model": "product.tag",
    "pk": 46,
    "fields": {
      "name": "bestseller",
      "color": "#fff",
      "bg_color": "#fd7e14"
    }
  },
  {
    "model": "product.tag",
    "pk": 47,
    "fields": {
      "name": "novel",
      "color": "#fff",
      "bg_color": "#6f42c1"
    }
  },
  {
    "model": "product.tag",
    "pk": 48,
    "fields": {
      "name": "fiction",
      "color": "#fff",
      "bg_color": "#6610f2"
    }
  },
  {
    "model": "product.tag",
    "pk": 49,
    "fields": {
      "name": "classic",
      "color": "#fff",
      "bg_color": "#343a40"
    }
  },
  {
    "model": "product.tag",
    "pk": 50,
    "fields": {
      "name": "history",
      "color": "#fff",
      "bg_color": "#20c997"
    }
  },
  {
    "model": "product.tag",
    "pk": 51,
    "fields": {
      "name": "non-fiction",
      "color": "#fff",
      "bg_color": "#6c757d"
    }
  },
  {
    "model": "product.tag",
    "pk": 52,
    "fields": {
      "name": "finance",
      "color": "#fff",
      "bg_color": "#28a745"
    }
  },
  {
    "model": "product.tag",
    "pk": 53,
    "fields": {
      "name": "fantasy",
      "color": "#fff",
      "bg_color": "#007bff"
    }
  },
  {
    "model": "product.tag",
    "pk": 54,
    "fields": {
      "name": "children",
      "color": "#fff",
      "bg_color": "#ffc107"
    }
  },
  {
    "model": "product.tag",
    "pk": 55,
    "fields": {
      "name": "vacuum",
      "color": "#fff",
      "bg_color": "#343a40"
    }
  },
  {
    "model": "product.tag",
    "pk": 56,
    "fields": {
      "name": "cleaning",
      "color": "#fff",
      "bg_color": "#20c997"
    }
  },
  {
    "model": "product.tag",
    "pk": 57,
    "fields": {
      "name": "cordless",
      "color": "#fff",
      "bg_color": "#6c757d"
    }
  },
  {
    "model": "product.tag",
    "pk": 58,
    "fields": {
      "name": "lighting",
      "color": "#fff",
      "bg_color": "#ffc107"
    }
  },
  {
    "model": "product.tag",
    "pk": 59,
    "fields": {
      "name": "smart-home",
      "color": "#fff",
      "bg_color": "#007bff"
    }
  },
  {
    "model": "product.tag",
    "pk": 60,
    "fields": {
      "name": "led",
      "color": "#fff",
      "bg_color": "#20c997"
    }
  },
  {
    "model": "product.tag",
    "pk": 61,
    "fields": {
      "name": "furniture",
      "color": "#fff",
      "bg_color": "#6f42c1"
    }
  },
  {
    "model": "product.tag",
    "pk": 62,
    "fields": {
      "name": "bed",
      "color": "#fff",
      "bg_color": "#343a40"
    }
  },
  {
    "model": "product.tag",
    "pk": 63,
    "fields": {
      "name": "storage",
      "color": "#fff",
      "bg_color": "#adb5bd"
    }
  },
  {
    "model": "product.tag",
    "pk": 64,
    "fields": {
      "name": "grill",
      "color": "#fff",
      "bg_color": "#fd7e14"
    }
  },
  {
    "model": "product.tag",
    "pk": 65,
    "fields": {
      "name": "outdoor",
      "color": "#fff",
      "bg_color": "#28a745"
    }
  },
  {
    "model": "product.tag",
    "pk": 66,
    "fields": {
      "name": "bbq",
      "color": "#fff",
      "bg_color": "#dc3545"
    }
  },
  {
    "model": "product.tag",
    "pk": 67,
    "fields": {
      "name": "kitchen",
      "color": "#fff",
      "bg_color": "#007bff"
    }
  },
  {
    "model": "product.tag",
    "pk": 68,
    "fields": {
      "name": "cooker",
      "color": "#fff",
      "bg_color": "#20c997"
    }
  },
  {
    "model": "product.tag",
    "pk": 69,
    "fields": {
      "name": "appliance",
      "color": "#fff",
      "bg_color": "#6c757d"
    }
  },
  {
    "model": "product.tag",
    "pk": 70,
    "fields": {
      "name": "5g",
      "color": "#fff",
      "bg_color": "#17a2b8"
    }
  },
  {
    "model": "product.tag",
    "pk": 71,
    "fields": {
      "name": "ultraportable",
      "color": "#fff",
      "bg_color": "#6c757d"
    }
  },
  {
    "model": "product.tag",
    "pk": 72,
    "fields": {
      "name": "limited-edition",
      "color": "#fff",
      "bg_color": "#dc3545"
    }
  },
  {
    "model": "product.tag",
    "pk": 73,
    "fields": {
      "name": "home-theater",
      "color": "#fff",
      "bg_color": "#6f42c1"
    }
  },
  {
    "model": "product.tag",
    "pk": 74,
    "fields": {
      "name": "performance",
      "color": "#fff",
      "bg_color": "#20c997"
    }
  },
  {
    "model": "product.tag",
    "pk": 75,
    "fields": {
      "name": "premium-audio",
      "color": "#fff",
      "bg_color": "#6610f2"
    }
  },
  {
    "model": "product.tag",
    "pk": 76,
    "fields": {
      "name": "menswear",
      "color": "#fff",
      "bg_color": "#343a40"
    }
  },
  {
    "model": "product.tag",
    "pk": 77,
    "fields": {
      "name": "family",
      "color": "#fff",
      "bg_color": "#e83e8c"
    }
  },
  {
    "model": "product.tag",
    "pk": 78,
    "fields": {
      "name": "waterproof",
      "color": "#fff",
      "bg_color": "#007bff"
    }
  },
  {
    "model": "product.tag",
    "pk": 79,
    "fields": {
      "name": "next-gen",
      "color": "#fff",
      "bg_color": "#ffc107"
    }
  },
  {
    "model": "product.tag",
    "pk": 80,
    "fields": {
      "name": "health",
      "color": "#fff",
      "bg_color": "#28a745"
    }
  },
  {
    "model": "product.tag",
    "pk": 81,
    "fields": {
      "name": "official",
      "color": "#fff",
      "bg_color": "#dc3545"
    }
  },
  {
    "model": "product.tag",
    "pk": 82,
    "fields": {
      "name": "inspirational",
      "color": "#fff",
      "bg_color": "#17a2b8"
    }
  },
  {
    "model": "product.tag",
    "pk": 83,
    "fields": {
      "name": "anthropology",
      "color": "#fff",
      "bg_color": "#6c757d"
    }
  },
  {
    "model": "product.tag",
    "pk": 84,
    "fields": {
      "name": "investing",
      "color": "#fff",
      "bg_color": "#28a745"
    }
  },
  {
    "model": "product.tag",
    "pk": 85,
    "fields": {
      "name": "illustrated",
      "color": "#fff",
      "bg_color": "#e83e8c"
    }
  },
  {
    "model": "product.tag",
    "pk": 86,
    "fields": {
      "name": "automation",
      "color": "#fff",
      "bg_color": "#17a2b8"
    }
  },
  {
    "model": "product.tag",
    "pk": 87,
    "fields": {
      "name": "modern",
      "color": "#fff",
      "bg_color": "#343a40"
    }
  },
  {
    "model": "product.tag",
    "pk": 88,
    "fields": {
      "name": "stainless-steel",
      "color": "#fff",
      "bg_color": "#6c757d"
    }
  },
  {
    "model": "product.tag",
    "pk": 89,
    "fields": {
      "name": "multi-function",
      "color": "#fff",
      "bg_color": "#6f42c1"
    }
  },
  {
    "model": "product.tag",
    "pk": 90,
    "fields": {
      "name": "tablet",
      "color": "#fff",
      "bg_color": "#6c757d"
    }
  },
  {
    "model": "product.tag",
    "pk": 91,
    "fields": {
      "name": "streetwear",
      "color": "#fff",
      "bg_color": "#343a40"
    }
  },
  {
    "model": "product.tag",
    "pk": 92,
    "fields": {
      "name": "womens",
      "color": "#fff",
      "bg_color": "#e83e8c"
    }
  },
  {
    "model": "product.tag",
    "pk": 93,
    "fields": {
      "name": "bundle",
      "color": "#fff",
      "bg_color": "#28a745"
    }
  },
  {
    "model": "product.tag",
    "pk": 94,
    "fields": {
      "name": "streaming",
      "color": "#fff",
      "bg_color": "#dc3545"
    }
  },
  {
    "model": "product.tag",
    "pk": 95,
    "fields": {
      "name": "oral-care",
      "color": "#fff",
      "bg_color": "#20c997"
    }
  },
  {
    "model": "product.tag",
    "pk": 96,
    "fields": {
      "name": "rechargeable",
      "color": "#fff",
      "bg_color": "#17a2b8"
    }
  },
  {
    "model": "product.tag",
    "pk": 97,
    "fields": {
      "name": "bedroom",
      "color": "#fff",
      "bg_color": "#6f42c1"
    }
  },
  {
    "model": "product.tag",
    "pk": 98,
    "fields": {
      "name": "air-fryer",
      "color": "#fff",
      "bg_color": "#fd7e14"
    }
  },
  {
    "model": "product.tag",
    "pk": 99,
    "fields": {
      "name": "healthy",
      "color": "#fff",
      "bg_color": "#28a745"
    }
  },
  {
    "model": "product.tag",
    "pk": 100,
    "fields": {
      "name": "workbook",
      "color": "#fff",
      "bg_color": "#ffc107"
    }
  },
  {
    "model": "product.tag",
    "pk": 101,
    "fields": {
      "name": "journal",
      "color": "#fff",
      "bg_color": "#6c757d"
    }
  },
  {
    "model": "product.tag",
    "pk": 102,
    "fields": {
      "name": "pants",
      "color": "#fff",
      "bg_color": "#6610f2"
    }
  },
  {
    "model": "product.tag",
    "pk": 103,
    "fields": {
      "name": "headset",
      "color": "#fff",
      "bg_color": "#007bff"
    }
  },
  {
    "model": "product.tag",
    "pk": 104,
    "fields": {
      "name": "keyboard",
      "color": "#fff",
      "bg_color": "#343a40"
    }
  },
  {
    "model": "product.tag",
    "pk": 105,
    "fields": {
      "name": "accessory",
      "color": "#fff",
      "bg_color": "#6c757d"
    }
  },
  {
    "model": "product.tag",
    "pk": 106,
    "fields": {
      "name": "tolkien",
      "color": "#fff",
      "bg_color": "#6f42c1"
    }
  },
  {
    "model": "product.tag",
    "pk": 107,
    "fields": {
      "name": "business",
      "color": "#fff",
      "bg_color": "#20c997"
    }
  },
  {
    "model": "product.tag",
    "pk": 108,
    "fields": {
      "name": "rich-dad",
      "color": "#fff",
      "bg_color": "#ffc107"
    }
  },
  {
    "model": "product.category",
    "pk": 1,
    "fields": {
      "name": "Books",
      "parent": null,
      "description": "Fiction, non-fiction, and educational books.",
      "image": null,
      "slug": "books"
    }
  },
  {
    "model": "product.category",
    "pk": 2,
    "fields": {
      "name": "Electronics",
      "parent": null,
      "description": "Devices and gadgets including phones, laptops, TVs, and more.",
      "image": null,
      "slug": "electronics"
    }
  },
  {
    "model": "product.category",
    "pk": 3,
    "fields": {
      "name": "Fashion",
      "parent": null,
      "description": "Clothing, shoes, and accessories for all styles.",
      "image": null,
      "slug": "fashion"
    }
  },
  {
    "model": "product.category",
    "pk": 4,
    "fields": {
      "name": "Sports",
      "parent": null,
      "description": "Sports equipment, apparel, and accessories.",
      "image": null,
      "slug": "sports"
    }
  },
  {
    "model": "product.category",
    "pk": 5,
    "fields": {
      "name": "Home & Garden",
      "parent": null,
      "description": "Furniture, appliances, and decor for home and garden.",
      "image": null,
      "slug": "home-garden"
    }
  },
  {
    "model": "product.category",
    "pk": 6,
    "fields": {
      "name": "Smartphones",
      "parent": 2,
      "description": "Mobile phones with advanced features.",
      "image": null,
      "slug": "smartphones"
    }
  },
  {
    "model": "product.category",
    "pk": 7,
    "fields": {
      "name": "Tablets",
      "parent": 2,
      "description": "Portable touchscreen devices.",
      "image": null,
      "slug": "tablets"
    }
  },
  {
    "model": "product.category",
    "pk": 8,
    "fields": {
      "name": "Streaming Devices",
      "parent": 2,
      "description": "Media players and accessories for online content",
      "image": null,
      "slug": "streaming-devices"
    }
  },
  {
    "model": "product.category",
    "pk": 9,
    "fields": {
      "name": "Computer Accessories",
      "parent": 2,
      "description": "Keyboards, mice, and other computer peripherals",
      "image": null,
      "slug": "computer-accessories"
    }
  },
  {
    "model": "product.category",
    "pk": 10,
    "fields": {
      "name": "Laptops",
      "parent": 2,
      "description": "Portable computers for work and play.",
      "image": null,
      "slug": "laptops"
    }
  },
  {
    "model": "product.category",
    "pk": 11,
    "fields": {
      "name": "TVs",
      "parent": 2,
      "description": "Television sets including QLED and OLED.",
      "image": null,
      "slug": "tvs"
    }
  },
  {
    "model": "product.category",
    "pk": 12,
    "fields": {
      "name": "Audio",
      "parent": 2,
      "description": "Headphones, earbuds, and speakers.",
      "image": null,
      "slug": "audio"
    }
  },
  {
    "model": "product.category",
    "pk": 13,
    "fields": {
      "name": "Gaming Consoles",
      "parent": 2,
      "description": "Home and portable gaming systems.",
      "image": null,
      "slug": "gaming-consoles"
    }
  },
  {
    "model": "product.category",
    "pk": 14,
    "fields": {
      "name": "Wearables",
      "parent": 2,
      "description": "Smartwatches and fitness trackers.",
      "image": null,
      "slug": "wearables"
    }
  },
  {
    "model": "product.category",
    "pk": 15,
    "fields": {
      "name": "Shoes",
      "parent": 3,
      "description": "Sneakers, running shoes, and more.",
      "image": null,
      "slug": "shoes"
    }
  },
  {
    "model": "product.category",
    "pk": 16,
    "fields": {
      "name": "Clothing",
      "parent": 3,
      "description": "T-shirts, jeans, jackets, and other apparel.",
      "image": null,
      "slug": "clothing"
    }
  },
  {
    "model": "product.category",
    "pk": 17,
    "fields": {
      "name": "Accessories",
      "parent": 3,
      "description": "Fashion accessories and add-ons.",
      "image": null,
      "slug": "accessories"
    }
  },
  {
    "model": "product.category",
    "pk": 18,
    "fields": {
      "name": "Equipment",
      "parent": 4,
      "description": "Balls, mats, and other sports gear.",
      "image": null,
      "slug": "equipment"
    }
  },
  {
    "model": "product.category",
    "pk": 19,
    "fields": {
      "name": "Apparel",
      "parent": 4,
      "description": "Sportswear and active clothing.",
      "image": null,
      "slug": "apparel"
    }
  },
  {
    "model": "product.category",
    "pk": 20,
    "fields": {
      "name": "Bags",
      "parent": 4,
      "description": "Backpacks and sports bags.",
      "image": null,
      "slug": "bags"
    }
  },
  {
    "model": "product.category",
    "pk": 21,
    "fields": {
      "name": "Furniture",
      "parent": 5,
      "description": "Beds, sofas, and storage solutions.",
      "image": null,
      "slug": "furniture"
    }
  },
  {
    "model": "product.category",
    "pk": 22,
    "fields": {
      "name": "Appliances",
      "parent": 5,
      "description": "Kitchen and cleaning appliances.",
      "image": null,
      "slug": "appliances"
    }
  },
  {
    "model": "product.category",
    "pk": 23,
    "fields": {
      "name": "Lighting",
      "parent": 5,
      "description": "Smart and decorative lighting.",
      "image": null,
      "slug": "lighting"
    }
  },
  {
    "model": "product.category",
    "pk": 24,
    "fields": {
      "name": "Outdoor",
      "parent": 5,
      "description": "Grills and garden accessories.",
      "image": null,
      "slug": "outdoor"
    }
  },
  {
    "model": "product.category",
    "pk": 25,
    "fields": {
      "name": "Fiction",
      "parent": 1,
      "description": "Novels and stories.",
      "image": null,
      "slug": "fiction"
    }
  },
  {
    "model": "product.category",
    "pk": 26,
    "fields": {
      "name": "Non-Fiction",
      "parent": 1,
      "description": "Biographies, history, and more.",
      "image": null,
      "slug": "non-fiction"
    }
  },
  {
    "model": "product.category",
    "pk": 27,
    "fields": {
      "name": "Self-Help",
      "parent": 1,
      "description": "Books for personal development.",
      "image": null,
      "slug": "self-help"
    }
  },
  {
    "model": "product.category",
    "pk": 28,
    "fields": {
      "name": "Children",
      "parent": 1,
      "description": "Books for kids and young readers.",
      "image": null,
      "slug": "children"
    }
  },
  {
    "model": "features.brand",
    "pk": 1,
    "fields": {
      "name": "Apple",
      "desc": "Innovative technology company known for premium smartphones, laptops, and wearables.",
      "logo": "fa-apple",
      "slug": "apple"
    }
  },
  {
    "model": "features.brand",
    "pk": 2,
    "fields": {
      "name": "Samsung",
      "desc": "Global electronics leader producing smartphones, TVs, and home appliances.",
      "logo": "fa-mobile-alt",
      "slug": "samsung"
    }
  },
  {
    "model": "features.brand",
    "pk": 3,
    "fields": {
      "name": "Nike",
      "desc": "World-renowned sportswear brand specializing in athletic shoes, apparel, and equipment.",
      "logo": "fa-running",
      "slug": "nike"
    }
  },
  {
    "model": "features.brand",
    "pk": 4,
    "fields": {
      "name": "Adidas",
      "desc": "Leading sports brand offering footwear, clothing, and accessories for athletes.",
      "logo": "fa-shoe-prints",
      "slug": "adidas"
    }
  },
  {
    "model": "features.brand",
    "pk": 5,
    "fields": {
      "name": "Sony",
      "desc": "Japanese multinational known for electronics, gaming consoles, and audio products.",
      "logo": "fa-headphones",
      "slug": "sony"
    }
  },
  {
    "model": "features.brand",
    "pk": 6,
    "fields": {
      "name": "Levi's",
      "desc": "Iconic American brand famous for denim jeans and casual fashion.",
      "logo": "fa-tshirt",
      "slug": "levis"
    }
  },
  {
    "model": "features.brand",
    "pk": 7,
    "fields": {
      "name": "Nintendo",
      "desc": "Pioneering video game company behind popular consoles and franchises.",
      "logo": "fa-gamepad",
      "slug": "nintendo"
    }
  },
  {
    "model": "features.brand",
    "pk": 8,
    "fields": {
      "name": "Amazon",
      "desc": "E-commerce and technology giant producing Kindle e-readers and smart devices.",
      "logo": "fa-amazon",
      "slug": "amazon"
    }
  },
  {
    "model": "features.brand",
    "pk": 9,
    "fields": {
      "name": "Penguin",
      "desc": "Major publishing house known for bestselling fiction and non-fiction titles.",
      "logo": "fa-book",
      "slug": "penguin"
    }
  },
  {
    "model": "features.brand",
    "pk": 10,
    "fields": {
      "name": "HarperOne",
      "desc": "Publisher specializing in spirituality, personal growth, and inspirational books.",
      "logo": "fa-book-open",
      "slug": "harperone"
    }
  },
  {
    "model": "features.brand",
    "pk": 11,
    "fields": {
      "name": "Scholastic",
      "desc": "Leading publisher of children's books and educational materials.",
      "logo": "fa-book-reader",
      "slug": "scholastic"
    }
  },
  {
    "model": "features.brand",
    "pk": 12,
    "fields": {
      "name": "Dyson",
      "desc": "Innovative home technology brand known for vacuums and air purifiers.",
      "logo": "fa-wind",
      "slug": "dyson"
    }
  },
  {
    "model": "features.brand",
    "pk": 13,
    "fields": {
      "name": "Philips",
      "desc": "Global leader in health technology and smart home lighting solutions.",
      "logo": "fa-lightbulb",
      "slug": "philips"
    }
  },
  {
    "model": "features.brand",
    "pk": 14,
    "fields": {
      "name": "IKEA",
      "desc": "World's largest furniture retailer known for Scandinavian design principles.",
      "logo": "fa-couch",
      "slug": "ikea"
    }
  },
  {
    "model": "features.brand",
    "pk": 15,
    "fields": {
      "name": "Weber",
      "desc": "Premium outdoor cooking equipment manufacturer since 1952.",
      "logo": "fa-fire",
      "slug": "weber"
    }
  },
  {
    "model": "features.brand",
    "pk": 16,
    "fields": {
      "name": "Instant Pot",
      "desc": "Revolutionary kitchen appliance brand famous for multi-cookers.",
      "logo": "fa-utensils",
      "slug": "instant-pot"
    }
  },
  {
    "model": "features.brand",
    "pk": 17,
    "fields": {
      "name": "Harper",
      "desc": "Publishing house offering diverse range of fiction and non-fiction works.",
      "logo": "fa-book",
      "slug": "harper"
    }
  },
  {
    "model": "features.brand",
    "pk": 18,
    "fields": {
      "name": "Plata Publishing",
      "desc": "Financial education publisher focused on investing and wealth building.",
      "logo": "fa-chart-line",
      "slug": "plata-publishing"
    }
  },
  {
    "model": "product.product",
    "pk": 273,
    "fields": {
      "image": "products/1.png",
      "name": "iPhone 15 Pro Max",
      "slug": "iphone-15-pro-max",
      "cost": 44999.0,
      "price": 59999.0,
      "discount": 0,
      "category": 6,
      "description": "6.7-inch Super Retina XDR display, A17 Pro chip, 48MP triple-camera system with Cinematic mode, Titanium design, 5G capable",
      "is_available": true,
      "stock": 42,
      "tags": [
        1,
        2,
        3,
        70
      ],
      "created_at": "2024-06-01T10:00:00Z",
      "updated_at": "2024-06-01T10:00:00Z",
      "brand": 1,
      "trending": true
    }
  },
  {
    "model": "product.product",
    "pk": 274,
    "fields": {
      "image": "products/2.png",
      "name": "MacBook Air M3",
      "slug": "macbook-air-m3",
      "cost": 44999.0,
      "price": 54999.0,
      "discount": 0,
      "category": 10,
      "description": "13.6-inch Liquid Retina display, Apple M3 chip, 18-hour battery life, 8GB RAM, 256GB SSD, Fanless design",
      "is_available": true,
      "stock": 28,
      "tags": [
        4,
        2,
        5,
        71
      ],
      "created_at": "2024-06-01T10:00:00Z",
      "updated_at": "2024-06-01T10:00:00Z",
      "brand": 1,
      "trending": true
    }
  },
  {
    "model": "product.product",
    "pk": 275,
    "fields": {
      "image": "products/3.png",
      "name": "Nike Air Jordan 1 Retro High",
      "slug": "nike-air-jordan-1-retro-high",
      "cost": 3750.0,
      "price": 8500.0,
      "discount": 10,
      "category": 15,
      "description": "Classic high-top basketball sneakers with genuine leather, Air-Sole unit, Nike's iconic wing logo, and padded collar",
      "is_available": true,
      "stock": 16,
      "tags": [
        6,
        7,
        8,
        72
      ],
      "created_at": "2024-06-01T10:00:00Z",
      "updated_at": "2024-06-01T10:00:00Z",
      "brand": 3,
      "trending": true
    }
  },
  {
    "model": "product.product",
    "pk": 276,
    "fields": {
      "image": "products/4.webp",
      "name": "Samsung 65\" Q80C QLED 4K Smart TV",
      "slug": "samsung-65-q80c-qled-4k-smart-tv",
      "cost": 37450.0,
      "price": 59999.0,
      "discount": 15,
      "category": 11,
      "description": "Quantum HDR 16X, Direct Full Array, Quantum Processor 4K, Object Tracking Sound, Alexa/Google Assistant built-in",
      "is_available": true,
      "stock": 9,
      "tags": [
        9,
        10,
        11,
        73
      ],
      "created_at": "2024-06-01T10:00:00Z",
      "updated_at": "2024-06-01T10:00:00Z",
      "brand": 2,
      "trending": false
    }
  },
  {
    "model": "product.product",
    "pk": 277,
    "fields": {
      "image": "products/5.png",
      "name": "Adidas Ultraboost Light",
      "slug": "adidas-ultraboost-light",
      "cost": 4250.0,
      "price": 9500.0,
      "discount": 15,
      "category": 15,
      "description": "Running shoes with Lightboost foam, Primeknit+ upper, Torsion System, Continental rubber outsole",
      "is_available": true,
      "stock": 32,
      "tags": [
        6,
        12,
        13,
        74
      ],
      "created_at": "2024-06-01T10:00:00Z",
      "updated_at": "2024-06-01T10:00:00Z",
      "brand": 4,
      "trending": false
    }
  },
  {
    "model": "product.product",
    "pk": 278,
    "fields": {
      "image": "products/6.png",
      "name": "Sony WH-1000XM5 Wireless Noise Canceling Headphones",
      "slug": "sony-wh-1000xm5-wireless-noise-canceling-headphones",
      "cost": 13999.0,
      "price": 19999.0,
      "discount": 0,
      "category": 12,
      "description": "Industry-leading ANC, 30-hour battery, HD Noise Canceling Processor QN1, Speak-to-Chat technology, Multipoint connection",
      "is_available": true,
      "stock": 22,
      "tags": [
        14,
        15,
        16,
        75
      ],
      "created_at": "2024-06-01T10:00:00Z",
      "updated_at": "2024-06-01T10:00:00Z",
      "brand": 5,
      "trending": true
    }
  },
  {
    "model": "product.product",
    "pk": 279,
    "fields": {
      "image": "products/7.webp",
      "name": "Levi's 511 Slim Fit Jeans",
      "slug": "levis-511-slim-fit-jeans",
      "cost": 1750.0,
      "price": 3499.0,
      "discount": 20,
      "category": 16,
      "description": "Classic slim fit, 99% cotton 1% elastane, mid-rise, zip fly, available in multiple washes",
      "is_available": true,
      "stock": 87,
      "tags": [
        17,
        18,
        19,
        76
      ],
      "created_at": "2024-06-01T10:00:00Z",
      "updated_at": "2024-06-01T10:00:00Z",
      "brand": 6,
      "trending": false
    }
  },
  {
    "model": "product.product",
    "pk": 280,
    "fields": {
      "image": "products/8.png",
      "name": "Nintendo Switch OLED Model",
      "slug": "nintendo-switch-oled-model",
      "cost": 14999.0,
      "price": 17499.0,
      "discount": 0,
      "category": 13,
      "description": "7-inch OLED screen, 64GB internal storage, adjustable stand, dock with wired LAN port, enhanced audio",
      "is_available": true,
      "stock": 14,
      "tags": [
        20,
        21,
        22,
        77
      ],
      "created_at": "2024-06-01T10:00:00Z",
      "updated_at": "2024-06-01T10:00:00Z",
      "brand": 7,
      "trending": true
    }
  },
  {
    "model": "product.product",
    "pk": 281,
    "fields": {
      "image": "products/9.jpg",
      "name": "Kindle Paperwhite Signature Edition",
      "slug": "kindle-paperwhite-signature-edition",
      "cost": 6999.0,
      "price": 9499.0,
      "discount": 10,
      "category": 26,
      "description": "6.8\" glare-free display, adjustable warm light, wireless charging, 32GB storage, IPX8 waterproof",
      "is_available": true,
      "stock": 31,
      "tags": [
        23,
        24,
        22,
        78
      ],
      "created_at": "2024-06-01T10:00:00Z",
      "updated_at": "2024-06-01T10:00:00Z",
      "brand": 8,
      "trending": false
    }
  },
  {
    "model": "product.product",
    "pk": 282,
    "fields": {
      "image": "products/10.jpeg",
      "name": "Sony PlayStation 5 Digital Edition",
      "slug": "sony-playstation-5-digital-edition",
      "cost": 19999.0,
      "price": 22499.0,
      "discount": 0,
      "category": 13,
      "description": "Ultra-high speed SSD, integrated I/O, 3D Audio, DualSense wireless controller, 4K/120fps output",
      "is_available": true,
      "stock": 7,
      "tags": [
        20,
        21,
        25,
        79
      ],
      "created_at": "2024-06-01T10:00:00Z",
      "updated_at": "2024-06-01T10:00:00Z",
      "brand": 5,
      "trending": true
    }
  },
  {
    "model": "product.product",
    "pk": 283,
    "fields": {
      "image": "products/11.png",
      "name": "Apple Watch Series 9 GPS + Cellular",
      "slug": "apple-watch-series-9-gps-cellular",
      "cost": 16499.0,
      "price": 24999.0,
      "discount": 5,
      "category": 14,
      "description": "Always-On Retina display, ECG app, blood oxygen monitoring, crash detection, 18-hour battery",
      "is_available": true,
      "stock": 25,
      "tags": [
        26,
        2,
        27,
        80
      ],
      "created_at": "2024-06-01T10:00:00Z",
      "updated_at": "2024-06-01T10:00:00Z",
      "brand": 1,
      "trending": true
    }
  },
  {
    "model": "product.product",
    "pk": 284,
    "fields": {
      "image": "products/12.jpeg",
      "name": "Adidas UEFA Champions League Pro Ball",
      "slug": "adidas-uefa-champions-league-pro-ball",
      "cost": 1950.0,
      "price": 6499.0,
      "discount": 15,
      "category": 18,
      "description": "Official match ball with Connected Ball technology, 20-panel design, FIFA Quality Pro certified",
      "is_available": true,
      "stock": 36,
      "tags": [
        28,
        29,
        30,
        81
      ],
      "created_at": "2024-06-01T10:00:00Z",
      "updated_at": "2024-06-01T10:00:00Z",
      "brand": 4,
      "trending": false
    }
  },
  {
    "model": "product.product",
    "pk": 285,
    "fields": {
      "image": "products/13.jpg",
      "name": "Nike Dri-FIT Legend Men's Training T-Shirt",
      "slug": "nike-dri-fit-legend-mens-training-t-shirt",
      "cost": 600.0,
      "price": 1749.0,
      "discount": 10,
      "category": 19,
      "description": "100% polyester, sweat-wicking technology, standard fit, embroidered Swoosh logo",
      "is_available": true,
      "stock": 143,
      "tags": [
        31,
        32,
        33,
        13
      ],
      "created_at": "2024-06-01T10:00:00Z",
      "updated_at": "2024-06-01T10:00:00Z",
      "brand": 3,
      "trending": false
    }
  },
  {
    "model": "product.product",
    "pk": 286,
    "fields": {
      "image": "products/14.jpeg",
      "name": "Samsung Galaxy Buds2 Pro",
      "slug": "samsung-galaxy-buds2-pro",
      "cost": 7499.0,
      "price": 11499.0,
      "discount": 0,
      "category": 12,
      "description": "Intelligent ANC, 360 Audio, Hi-Fi 24bit audio, IPX7 water resistance, 8-hour battery",
      "is_available": true,
      "stock": 38,
      "tags": [
        34,
        15,
        35,
        16
      ],
      "created_at": "2024-06-01T10:00:00Z",
      "updated_at": "2024-06-01T10:00:00Z",
      "brand": 2,
      "trending": true
    }
  },
  {
    "model": "product.product",
    "pk": 287,
    "fields": {
      "image": "products/15.jpeg",
      "name": "Levi's Men's Trucker Jacket",
      "slug": "levis-mens-trucker-jacket",
      "cost": 2250.0,
      "price": 4900.0,
      "discount": 15,
      "category": 16,
      "description": "Classic denim jacket with corduroy collar, button-front closure, two chest pockets, regular fit",
      "is_available": true,
      "stock": 64,
      "tags": [
        36,
        18,
        37,
        19
      ],
      "created_at": "2024-06-01T10:00:00Z",
      "updated_at": "2024-06-01T10:00:00Z",
      "brand": 6,
      "trending": false
    }
  },
  {
    "model": "product.product",
    "pk": 288,
    "fields": {
      "image": "products/16.jpeg",
      "name": "Sony Bravia XR A80L 55\" OLED TV",
      "slug": "sony-bravia-xr-a80l-55-oled-tv",
      "cost": 54999.0,
      "price": 89999.0,
      "discount": 12,
      "category": 11,
      "description": "Cognitive Processor XR, Acoustic Surface Audio+, Google TV, Dolby Vision/Atmos, IMAX Enhanced",
      "is_available": true,
      "stock": 5,
      "tags": [
        9,
        38,
        25,
        73
      ],
      "created_at": "2024-06-01T10:00:00Z",
      "updated_at": "2024-06-01T10:00:00Z",
      "brand": 5,
      "trending": false
    }
  },
  {
    "model": "product.product",
    "pk": 289,
    "fields": {
      "image": "products/17.webp",
      "name": "Nintendo Switch Pro Controller",
      "slug": "nintendo-switch-pro-controller",
      "cost": 2100.0,
      "price": 3499.0,
      "discount": 0,
      "category": 13,
      "description": "Motion controls, HD rumble, built-in amiibo functionality, 40-hour battery life",
      "is_available": true,
      "stock": 52,
      "tags": [
        39,
        20,
        40,
        15
      ],
      "created_at": "2024-06-01T10:00:00Z",
      "updated_at": "2024-06-01T10:00:00Z",
      "brand": 7,
      "trending": false
    }
  },
  {
    "model": "product.product",
    "pk": 290,
    "fields": {
      "image": "products/18.jpg",
      "name": "Apple AirPods Pro (2nd Generation)",
      "slug": "apple-airpods-pro-2nd-generation",
      "cost": 7999.0,
      "price": 12499.0,
      "discount": 0,
      "category": 12,
      "description": "Active Noise Cancellation, Adaptive Transparency, Personalized Spatial Audio, MagSafe charging case",
      "is_available": true,
      "stock": 47,
      "tags": [
        34,
        2,
        15,
        16
      ],
      "created_at": "2024-06-01T10:00:00Z",
      "updated_at": "2024-06-01T10:00:00Z",
      "brand": 1,
      "trending": true
    }
  },
  {
    "model": "product.product",
    "pk": 291,
    "fields": {
      "image": "products/19.jpg",
      "name": "Adidas Yoga Essentials Mat",
      "slug": "adidas-yoga-essentials-mat",
      "cost": 1100.0,
      "price": 2499.0,
      "discount": 20,
      "category": 18,
      "description": "6mm thickness, non-slip surface, moisture-resistant, alignment markers, includes carrying strap",
      "is_available": true,
      "stock": 78,
      "tags": [
        41,
        42,
        30,
        27
      ],
      "created_at": "2024-06-01T10:00:00Z",
      "updated_at": "2024-06-01T10:00:00Z",
      "brand": 4,
      "trending": false
    }
  },
  {
    "model": "product.product",
    "pk": 292,
    "fields": {
      "image": "products/20.jpg",
      "name": "Nike Elite Training Backpack",
      "slug": "nike-elite-training-backpack",
      "cost": 1700.0,
      "price": 3999.0,
      "discount": 15,
      "category": 20,
      "description": "30L capacity, ventilated shoe compartment, padded laptop sleeve, water-resistant, multiple pockets",
      "is_available": true,
      "stock": 62,
      "tags": [
        43,
        32,
        29
      ],
      "created_at": "2024-06-01T10:00:00Z",
      "updated_at": "2024-06-01T10:00:00Z",
      "brand": 3,
      "trending": false
    }
  },
  {
    "model": "product.product",
    "pk": 293,
    "fields": {
      "image": "products/21.webp",
      "name": "Atomic Habits by James Clear",
      "slug": "atomic-habits-by-james-clear",
      "cost": 425.0,
      "price": 999.0,
      "discount": 20,
      "category": 27,
      "description": "New York Times bestseller, practical framework for building good habits and breaking bad ones",
      "is_available": true,
      "stock": 93,
      "tags": [
        44,
        45,
        46
      ],
      "created_at": "2024-06-01T10:00:00Z",
      "updated_at": "2024-06-01T10:00:00Z",
      "brand": 9,
      "trending": true
    }
  },
  {
    "model": "product.product",
    "pk": 294,
    "fields": {
      "image": "products/22.jpg",
      "name": "The Alchemist by Paulo Coelho",
      "slug": "the-alchemist-by-paulo-coelho",
      "cost": 340.0,
      "price": 849.0,
      "discount": 15,
      "category": 25,
      "description": "25th Anniversary Edition, international bestseller about following your dreams and listening to your heart",
      "is_available": true,
      "stock": 127,
      "tags": [
        47,
        48,
        49,
        82
      ],
      "created_at": "2024-06-01T10:00:00Z",
      "updated_at": "2024-06-01T10:00:00Z",
      "brand": 10,
      "trending": false
    }
  },
  {
    "model": "product.product",
    "pk": 295,
    "fields": {
      "image": "products/23.jpg",
      "name": "Sapiens: A Brief History of Humankind",
      "slug": "sapiens-a-brief-history-of-humankind",
      "cost": 550.0,
      "price": 1249.0,
      "discount": 10,
      "category": 26,
      "description": "New York Times bestseller exploring how biology and history have defined humanity",
      "is_available": true,
      "stock": 68,
      "tags": [
        50,
        51,
        46,
        83
      ],
      "created_at": "2024-06-01T10:00:00Z",
      "updated_at": "2024-06-01T10:00:00Z",
      "brand": 17,
      "trending": true
    }
  },
  {
    "model": "product.product",
    "pk": 296,
    "fields": {
      "image": "products/24.jpeg",
      "name": "Rich Dad Poor Dad by Robert Kiyosaki",
      "slug": "rich-dad-poor-dad-by-robert-kiyosaki",
      "cost": 360.0,
      "price": 949.0,
      "discount": 25,
      "category": 27,
      "description": "20th Anniversary Edition, challenges conventional beliefs about money and investing",
      "is_available": true,
      "stock": 105,
      "tags": [
        52,
        44,
        49,
        84
      ],
      "created_at": "2024-06-01T10:00:00Z",
      "updated_at": "2024-06-01T10:00:00Z",
      "brand": 18,
      "trending": false
    }
  },
  {
    "model": "product.product",
    "pk": 297,
    "fields": {
      "image": "products/25.jpeg",
      "name": "Harry Potter and the Sorcerer's Stone",
      "slug": "harry-potter-and-the-sorcerers-stone",
      "cost": 350.0,
      "price": 749.0,
      "discount": 0,
      "category": 28,
      "description": "Illustrated Edition by Jim Kay, full-color artwork throughout, hardcover",
      "is_available": true,
      "stock": 142,
      "tags": [
        53,
        54,
        46,
        85
      ],
      "created_at": "2024-06-01T10:00:00Z",
      "updated_at": "2024-06-01T10:00:00Z",
      "brand": 11,
      "trending": true
    }
  },
  {
    "model": "product.product",
    "pk": 298,
    "fields": {
      "image": "products/26.webp",
      "name": "Dyson V11 Torque Drive Cordless Vacuum",
      "slug": "dyson-v11-torque-drive-cordless-vacuum",
      "cost": 19999.0,
      "price": 29999.0,
      "discount": 10,
      "category": 22,
      "description": "60-minute runtime, LCD screen, 3 power modes, whole-machine filtration, includes 10 accessories",
      "is_available": true,
      "stock": 18,
      "tags": [
        55,
        56,
        57,
        11
      ],
      "created_at": "2024-06-01T10:00:00Z",
      "updated_at": "2024-06-01T10:00:00Z",
      "brand": 12,
      "trending": true
    }
  },
  {
    "model": "product.product",
    "pk": 299,
    "fields": {
      "image": "products/27.webp",
      "name": "Philips Hue White & Color Ambiance Starter Kit",
      "slug": "philips-hue-white-color-ambiance-starter-kit",
      "cost": 7499.0,
      "price": 9999.0,
      "discount": 15,
      "category": 23,
      "description": "3 A19 bulbs, hub, 16 million colors, voice control (Alexa/Google/HomeKit), geofencing",
      "is_available": true,
      "stock": 37,
      "tags": [
        58,
        59,
        60,
        86
      ],
      "created_at": "2024-06-01T10:00:00Z",
      "updated_at": "2024-06-01T10:00:00Z",
      "brand": 13,
      "trending": false
    }
  },
  {
    "model": "product.product",
    "pk": 300,
    "fields": {
      "image": "products/28.jpg",
      "name": "IKEA MALM Queen Bed Frame with Storage",
      "slug": "ikea-malm-queen-bed-frame-with-storage",
      "cost": 11499.0,
      "price": 17499.0,
      "discount": 10,
      "category": 21,
      "description": "High-gloss white finish, 4 storage drawers, slatted bed base included, minimal Scandinavian design",
      "is_available": true,
      "stock": 11,
      "tags": [
        61,
        62,
        63,
        87
      ],
      "created_at": "2024-06-01T10:00:00Z",
      "updated_at": "2024-06-01T10:00:00Z",
      "brand": 14,
      "trending": true
    }
  },
  {
    "model": "product.product",
    "pk": 301,
    "fields": {
      "image": "products/29.webp",
      "name": "Weber Spirit II E-310 3-Burner Gas Grill",
      "slug": "weber-spirit-ii-e-310-3-burner-gas-grill",
      "cost": 22499.0,
      "price": 27499.0,
      "discount": 5,
      "category": 24,
      "description": "529 sq. in. cooking area, GS4 grilling system, Infinity ignition, 10-year warranty",
      "is_available": true,
      "stock": 8,
      "tags": [
        64,
        65,
        66,
        88
      ],
      "created_at": "2024-06-01T10:00:00Z",
      "updated_at": "2024-06-01T10:00:00Z",
      "brand": 15,
      "trending": false
    }
  },
  {
    "model": "product.product",
    "pk": 302,
    "fields": {
      "image": "products/30.jpg",
      "name": "Instant Pot Duo Plus 9-in-1 Pressure Cooker",
      "slug": "instant-pot-duo-plus-9-in-1-pressure-cooker",
      "cost": 3450.0,
      "price": 6499.0,
      "discount": 20,
      "category": 22,
      "description": "6-quart capacity, 48 programs, sterilizer function, sous vide, cake maker, yogurt maker",
      "is_available": true,
      "stock": 53,
      "tags": [
        67,
        68,
        69,
        89
      ],
      "created_at": "2024-06-01T10:00:00Z",
      "updated_at": "2024-06-01T10:00:00Z",
      "brand": 16,
      "trending": true
    }
  },
  {
    "model": "product.product",
    "pk": 303,
    "fields": {
      "image": "products/31.avif",
      "name": "Samsung Galaxy Tab S9 Ultra",
      "slug": "samsung-galaxy-tab-s9-ultra",
      "cost": 34999.0,
      "price": 54999.0,
      "discount": 5,
      "category": 7,
      "description": "14.6-inch Dynamic AMOLED display, Snapdragon 8 Gen 2, S Pen included, IP68 water resistance, 12GB RAM",
      "is_available": true,
      "stock": 15,
      "tags": [
        90,
        35,
        5,
        3
      ],
      "created_at": "2024-06-01T10:00:00Z",
      "updated_at": "2024-06-01T10:00:00Z",
      "brand": 2,
      "trending": true
    }
  },
  {
    "model": "product.product",
    "pk": 304,
    "fields": {
      "image": "products/32.avif",
      "name": "Nike React Infinity Run Flyknit 3",
      "slug": "nike-react-infinity-run-flyknit-3",
      "cost": 4000.0,
      "price": 8000.0,
      "discount": 15,
      "category": 15,
      "description": "Road running shoes with Flyknit upper, React foam midsole, rocker geometry for smooth transitions",
      "is_available": true,
      "stock": 45,
      "tags": [
        6,
        12,
        32,
        74
      ],
      "created_at": "2024-06-01T10:00:00Z",
      "updated_at": "2024-06-01T10:00:00Z",
      "brand": 3,
      "trending": true
    }
  },
  {
    "model": "product.product",
    "pk": 305,
    "fields": {
      "image": "products/33.avif",
      "name": "Sony SRS-XB43 Extra Bass Bluetooth Speaker",
      "slug": "sony-srs-xb43-extra-bass-bluetooth-speaker",
      "cost": 7499.0,
      "price": 12400.0,
      "discount": 12,
      "category": 12,
      "description": "Waterproof portable speaker with 24-hour battery, party lights, and deep bass sound",
      "is_available": true,
      "stock": 21,
      "tags": [
        15,
        25,
        22
      ],
      "created_at": "2024-06-01T10:00:00Z",
      "updated_at": "2024-06-01T10:00:00Z",
      "brand": 5,
      "trending": false
    }
  },
  {
    "model": "product.product",
    "pk": 306,
    "fields": {
      "image": "products/34.jpeg",
      "name": "Adidas Originals Trefoil Hoodie",
      "slug": "adidas-originals-trefoil-hoodie",
      "cost": 1750.0,
      "price": 3999.0,
      "discount": 10,
      "category": 16,
      "description": "Classic fleece hoodie with signature Trefoil logo, kangaroo pocket, ribbed cuffs",
      "is_available": true,
      "stock": 68,
      "tags": [
        19,
        30,
        91
      ],
      "created_at": "2024-06-01T10:00:00Z",
      "updated_at": "2024-06-01T10:00:00Z",
      "brand": 4,
      "trending": true
    }
  },
  {
    "model": "product.product",
    "pk": 307,
    "fields": {
      "image": "products/35.jpeg",
      "name": "Levi's Women's 721 High Rise Skinny Jeans",
      "slug": "levis-womens-721-high-rise-skinny-jeans",
      "cost": 2100.0,
      "price": 3999.0,
      "discount": 15,
      "category": 16,
      "description": "High-rise skinny jeans with sculpt technology, 79% cotton/20% polyester/1% elastane",
      "is_available": true,
      "stock": 53,
      "tags": [
        17,
        18,
        37,
        92
      ],
      "created_at": "2024-06-01T10:00:00Z",
      "updated_at": "2024-06-01T10:00:00Z",
      "brand": 6,
      "trending": false
    }
  },
  {
    "model": "product.product",
    "pk": 308,
    "fields": {
      "image": "products/36.webp",
      "name": "Nintendo Switch Sports Bundle",
      "slug": "nintendo-switch-sports-bundle",
      "cost": 13450.0,
      "price": 17499.0,
      "discount": 8,
      "category": 13,
      "description": "Includes Switch console, Joy-Con controllers, Nintendo Switch Sports game",
      "is_available": true,
      "stock": 11,
      "tags": [
        20,
        21,
        40,
        93
      ],
      "created_at": "2024-06-01T10:00:00Z",
      "updated_at": "2024-06-01T10:00:00Z",
      "brand": 7,
      "trending": true
    }
  },
  {
    "model": "product.product",
    "pk": 309,
    "fields": {
      "image": "products/37.webp",
      "name": "Amazon Fire TV Stick 4K Max",
      "slug": "amazon-fire-tv-stick-4k-max",
      "cost": 1700.0,
      "price": 2999.0,
      "discount": 25,
      "category": 8,
      "description": "4K streaming with Wi-Fi 6, Alexa Voice Remote, Dolby Vision/Atmos support",
      "is_available": true,
      "stock": 87,
      "tags": [
        94,
        11,
        10
      ],
      "created_at": "2024-06-01T10:00:00Z",
      "updated_at": "2024-06-01T10:00:00Z",
      "brand": 8,
      "trending": true
    }
  },
  {
    "model": "product.product",
    "pk": 310,
    "fields": {
      "image": "products/38.jpg",
      "name": "The 7 Habits of Highly Effective People",
      "cost": 375.0,
      "price": 949.0,
      "discount": 20,
      "category": 27,
      "description": "Stephen Covey's classic principles for personal and professional effectiveness",
      "is_available": true,
      "stock": 92,
      "tags": [
        44,
        46,
        107
      ],
      "created_at": "2024-06-01T10:00:00Z",
      "updated_at": "2024-06-01T10:00:00Z",
      "brand": 9,
      "trending": false,
      "slug": "the-7-habits-of-highly-effective-people"
    }
  },
  {
    "model": "product.product",
    "pk": 311,
    "fields": {
      "image": "products/39.jpg",
      "name": "Dyson Purifier Cool Autoreact TP7A",
      "cost": 19999.0,
      "price": 27499.0,
      "discount": 12,
      "category": 22,
      "description": "Air purifier and fan with HEPA filtration, detects pollutants automatically, 350 oscillation",
      "is_available": true,
      "stock": 14,
      "tags": [
        69,
        59
      ],
      "created_at": "2024-06-01T10:00:00Z",
      "updated_at": "2024-06-01T10:00:00Z",
      "brand": 12,
      "trending": true,
      "slug": "dyson-purifier-cool-autoreact-tp7a"
    }
  },
  {
    "model": "product.product",
    "pk": 312,
    "fields": {
      "image": "products/40.webp",
      "name": "Philips Sonicare ProtectiveClean 6100",
      "cost": 3450.0,
      "price": 5999.0,
      "discount": 15,
      "category": 22,
      "description": "Electric toothbrush with pressure sensor, 3 modes, 2-week battery life, brush sync app",
      "is_available": true,
      "stock": 37,
      "tags": [
        95,
        80,
        96
      ],
      "created_at": "2024-06-01T10:00:00Z",
      "updated_at": "2024-06-01T10:00:00Z",
      "brand": 13,
      "trending": false,
      "slug": "philips-sonicare-protectiveclean-6100"
    }
  },
  {
    "model": "product.product",
    "pk": 313,
    "fields": {
      "image": "products/41.avif",
      "name": "IKEA HEMNES 8-Drawer Dresser",
      "cost": 9999.0,
      "price": 17499.0,
      "discount": 10,
      "category": 21,
      "description": "Solid wood construction, soft-closing drawers, timeless Scandinavian design",
      "is_available": true,
      "stock": 8,
      "tags": [
        61,
        63,
        97
      ],
      "created_at": "2024-06-01T10:00:00Z",
      "updated_at": "2024-06-01T10:00:00Z",
      "brand": 14,
      "trending": false,
      "slug": "ikea-hemnes-8-drawer-dresser"
    }
  },
  {
    "model": "product.product",
    "pk": 314,
    "fields": {
      "image": "products/42.jpg",
      "name": "Weber Q1200 Liquid Propane Grill",
      "cost": 7499.0,
      "price": 11499.0,
      "discount": 18,
      "category": 24,
      "description": "Portable gas grill with 189 sq. in. cooking area, cast-iron grates, infinite control valve",
      "is_available": true,
      "stock": 16,
      "tags": [
        64,
        65,
        22
      ],
      "created_at": "2024-06-01T10:00:00Z",
      "updated_at": "2024-06-01T10:00:00Z",
      "brand": 15,
      "trending": true,
      "slug": "weber-q1200-liquid-propane-grill"
    }
  },
  {
    "model": "product.product",
    "pk": 315,
    "fields": {
      "image": "products/43.jpg",
      "name": "Instant Pot Vortex Plus Air Fryer",
      "cost": 4499.0,
      "price": 7999.0,
      "discount": 20,
      "category": 22,
      "description": "6-in-1 air fryer with EvenCrisp technology, 6-quart capacity, 50+ one-touch programs",
      "is_available": true,
      "stock": 29,
      "tags": [
        98,
        67,
        99
      ],
      "created_at": "2024-06-01T10:00:00Z",
      "updated_at": "2024-06-01T10:00:00Z",
      "brand": 16,
      "trending": true,
      "slug": "instant-pot-vortex-plus-air-fryer"
    }
  },
  {
    "model": "product.product",
    "pk": 316,
    "fields": {
      "image": "products/44.jpg",
      "name": "Atomic Habits Workbook",
      "cost": 450.0,
      "price": 1149.0,
      "discount": 15,
      "category": 27,
      "description": "Companion journal with practical exercises and habit-tracking templates",
      "is_available": true,
      "stock": 63,
      "tags": [
        100,
        45,
        44,
        101
      ],
      "created_at": "2024-06-01T10:00:00Z",
      "updated_at": "2024-06-01T10:00:00Z",
      "brand": 9,
      "trending": false,
      "slug": "atomic-habits-workbook"
    }
  },
  {
    "model": "product.product",
    "pk": 317,
    "fields": {
      "image": "products/45.jpg",
      "name": "Nike Premier League Match Soccer Ball",
      "cost": 2250.0,
      "price": 6499.0,
      "discount": 10,
      "category": 18,
      "description": "Official match ball with AerowSculpt technology, 12-panel design, FIFA Quality Pro certified",
      "is_available": true,
      "stock": 27,
      "tags": [
        28,
        32,
        29,
        81
      ],
      "created_at": "2024-06-01T10:00:00Z",
      "updated_at": "2024-06-01T10:00:00Z",
      "brand": 3,
      "trending": false,
      "slug": "nike-premier-league-match-soccer-ball"
    }
  },
  {
    "model": "product.product",
    "pk": 318,
    "fields": {
      "image": "products/46.avif",
      "name": "Adidas 3-Stripes Training Pants",
      "cost": 1400.0,
      "price": 2999.0,
      "discount": 15,
      "category": 19,
      "description": "Climalite fabric, tapered fit, elastic waist with drawcord, signature 3-Stripes design",
      "is_available": true,
      "stock": 84,
      "tags": [
        102,
        30,
        33
      ],
      "created_at": "2024-06-01T10:00:00Z",
      "updated_at": "2024-06-01T10:00:00Z",
      "brand": 4,
      "trending": false,
      "slug": "adidas-3-stripes-training-pants"
    }
  },
  {
    "model": "product.product",
    "pk": 319,
    "fields": {
      "image": "products/47.jpg",
      "name": "Sony INZONE H9 Wireless Gaming Headset",
      "cost": 8999.0,
      "price": 14999.0,
      "discount": 8,
      "category": 12,
      "description": "360 Spatial Sound, noise-canceling mic, 32-hour battery, compatible with PS5/PC",
      "is_available": true,
      "stock": 19,
      "tags": [
        103,
        20,
        25,
        15
      ],
      "created_at": "2024-06-01T10:00:00Z",
      "updated_at": "2024-06-01T10:00:00Z",
      "brand": 5,
      "trending": true,
      "slug": "sony-inzone-h9-wireless-gaming-headset"
    }
  },
  {
    "model": "product.product",
    "pk": 320,
    "fields": {
      "image": "products/48.webp",
      "name": "Apple Magic Keyboard with Touch ID",
      "cost": 3950.0,
      "price": 7499.0,
      "discount": 0,
      "category": 9,
      "description": "Wireless keyboard with Touch ID, numeric keypad, scissor mechanism keys",
      "is_available": true,
      "stock": 42,
      "tags": [
        104,
        2,
        105,
        5
      ],
      "created_at": "2024-06-01T10:00:00Z",
      "updated_at": "2024-06-01T10:00:00Z",
      "brand": 1,
      "trending": false,
      "slug": "apple-magic-keyboard-with-touch-id"
    }
  },
  {
    "model": "product.product",
    "pk": 321,
    "fields": {
      "image": "products/49.jpg",
      "name": "The Hobbit Illustrated Edition",
      "slug": "the-hobbit-illustrated-edition",
      "cost": 900.0,
      "price": 1999.0,
      "discount": 10,
      "category": 25,
      "description": "J.R.R. Tolkien's classic with illustrations by Jemima Catlin, hardcover collector's edition",
      "is_available": true,
      "stock": 57,
      "tags": [
        53,
        49,
        85,
        106
      ],
      "created_at": "2024-06-01T10:00:00Z",
      "updated_at": "2024-06-01T10:00:00Z",
      "brand": 17,
      "trending": true
    }
  },
  {
    "model": "product.product",
    "pk": 322,
    "fields": {
      "image": "products/50.jpg",
      "name": "Rich Dad's Cashflow Quadrant",
      "slug": "rich-dads-cashflow-quadrant",
      "cost": 400.0,
      "price": 1099.0,
      "discount": 25,
      "category": 27,
      "description": "Robert Kiyosaki's guide to financial freedom through business and investing",
      "is_available": true,
      "stock": 73,
      "tags": [
        52,
        107,
        84,
        108
      ],
      "created_at": "2024-06-01T10:00:00Z",
      "updated_at": "2024-06-01T10:00:00Z",
      "brand": 18,
      "trending": false
    }
  },
  {
    "model": "product.product",
    "pk": 323,
    "fields": {
      "image": "products/51.jpeg",
      "name": "Fossil Gen 6 Smartwatch Strap",
      "slug": "fossil-gen-6-smartwatch-strap",
      "cost": 999.0,
      "price": 1999.0,
      "discount": 10,
      "category": 17,
      "description": "Premium leather strap compatible with Fossil Gen 6 smartwatches, quick-release pins",
      "is_available": true,
      "stock": 50,
      "tags": [
        105
      ],
      "created_at": "2024-06-01T10:00:00Z",
      "updated_at": "2024-06-01T10:00:00Z",
      "brand": null,
      "trending": false
    }
  },
  {
    "model": "product.product",
    "pk": 324,
    "fields": {
      "image": "products/52.jpg",
      "name": "Fitbit Charge 6 Fitness Tracker",
      "slug": "fitbit-charge-6-fitness-tracker",
      "cost": 4999.0,
      "price": 7999.0,
      "discount": 15,
      "category": 14,
      "description": "Advanced health metrics with ECG, GPS tracking, 7-day battery life",
      "is_available": true,
      "stock": 35,
      "tags": [
        27,
        80
      ],
      "created_at": "2024-06-01T10:00:00Z",
      "updated_at": "2024-06-01T10:00:00Z",
      "brand": null,
      "trending": true
    }
  },
  {
    "model": "product.product",
    "pk": 325,
    "fields": {
      "image": "products/53.avif",
      "name": "Under Armour Undeniable 4.0 Duffel Bag",
      "slug": "under-armour-undeniable-4-0-duffel-bag",
      "cost": 1999.0,
      "price": 3749.0,
      "discount": 20,
      "category": 20,
      "description": "Water-resistant duffel with multiple compartments and shoe pocket",
      "is_available": true,
      "stock": 40,
      "tags": [
        29
      ],
      "created_at": "2024-06-01T10:00:00Z",
      "updated_at": "2024-06-01T10:00:00Z",
      "brand": null,
      "trending": false
    }
  },
  {
    "model": "product.product",
    "pk": 326,
    "fields": {
      "image": "products/54.webp",
      "name": "LIFX Smart LED Light Strip",
      "slug": "lifx-smart-led-light-strip",
      "cost": 2499.0,
      "price": 4499.0,
      "discount": 15,
      "category": 23,
      "description": "16 million colors, voice control compatible, no hub required",
      "is_available": true,
      "stock": 25,
      "tags": [
        11,
        58,
        60
      ],
      "created_at": "2024-06-01T10:00:00Z",
      "updated_at": "2024-06-01T10:00:00Z",
      "brand": null,
      "trending": true
    }
  },
  {
    "model": "product.product",
    "pk": 327,
    "fields": {
      "image": "products/55.jpeg",
      "name": "The Very Hungry Caterpillar Board Book",
      "slug": "the-very-hungry-caterpillar-board-book",
      "cost": 299.0,
      "price": 399.0,
      "discount": 0,
      "category": 28,
      "description": "Eric Carle's classic children's book with sturdy pages for toddlers",
      "is_available": true,
      "stock": 120,
      "tags": [
        54,
        49
      ],
      "created_at": "2024-06-01T10:00:00Z",
      "updated_at": "2024-06-01T10:00:00Z",
      "brand": null,
      "trending": true
    }
  }
  ,
  {
    "model": "features.collection",
    "fields": {
      "name": "Latest Electronics",
      "slug": "latest-electronics",
      "description": "The latest electronic devices including phones, laptops, and tablets",
      "products": [
        274,
        275,
        279,
        283,
        287,
        291,
        299,
        304,
        310,
        320,
        321
      ],
      "is_active": true,
      "created_at": "2024-06-11T00:00:00Z"
    }
  },
  {
    "model": "features.collection",
    "fields": {
      "name": "Sports Gear",
      "slug": "sports-gear",
      "description": "Everything you need for sports: shoes, clothes, and balls",
      "products": [
        276,
        278,
        285,
        292,
        293,
        305,
        307,
        308,
        318,
        319,
        326
      ],
      "is_active": true,
      "created_at": "2024-06-11T00:00:00Z"
    }
  },
  {
    "model": "features.collection",
    "fields": {
      "name": "Bestseller Books",
      "slug": "bestseller-books",
      "description": "A collection of the world's bestselling books",
      "products": [
        294,
        295,
        296,
        297,
        298,
        311,
        317,
        322,
        323,
        328
      ],
      "is_active": true,
      "created_at": "2024-06-11T00:00:00Z"
    }
  },
  {
    "model": "features.collection",
    "fields": {
      "name": "Smart Home",
      "slug": "smart-home",
      "description": "Smart products to make your home more comfortable and advanced",
      "products": [
        299,
        300,
        312,
        313,
        316,
        327
      ],
      "is_active": true,
      "created_at": "2024-06-11T00:00:00Z"
    }
  },
  {
    "model": "features.collection",
    "fields": {
      "name": "Special Offers",
      "slug": "special-offers",
      "description": "Products with discounts and special offers for a limited time",
      "products": [
        276,
        277,
        278,
        280,
        282,
        285,
        286,
        288,
        289,
        292,
        293,
        294,
        295,
        297,
        300,
        301,
        302,
        303,
        305,
        307,
        308,
        309,
        310,
        311,
        313,
        315,
        316,
        317,
        318,
        319,
        323,
        325,
        326,
        327
      ],
      "is_active": true,
      "created_at": "2024-06-11T00:00:00Z"
    }
  },
  {
    "model": "features.collection",
    "fields": {
      "name": "Apple Products",
      "slug": "apple-products",
      "description": "All Apple products: phones, tablets, watches, and more",
      "products": [
        274,
        275,
        284,
        291,
        321
      ],
      "is_active": true,
      "created_at": "2024-06-11T00:00:00Z"
    }
  },
  {
    "model": "features.collection",
    "fields": {
      "name": "Home Appliances",
      "slug": "home-appliances",
      "description": "Home appliances to improve daily life quality",
      "products": [
        299,
        300,
        301,
        302,
        303,
        312,
        313,
        314,
        315,
        316
      ],
      "is_active": true,
      "created_at": "2024-06-11T00:00:00Z"
    }
  },
  {
    "model": "features.collection",
    "fields": {
      "name": "Entertainment & Gaming",
      "slug": "entertainment-gaming",
      "description": "Latest gaming and home entertainment devices",
      "products": [
        281,
        283,
        289,
        290,
        309,
        320
      ],
      "is_active": true,
      "created_at": "2024-06-11T00:00:00Z"
    }
  }
]